City_ID,City,Country,Lat,Lng,Max Temp,Humidity,Cloudiness,Wind Speed,Current Description
0,Ribeira Grande,PT,38.5167,-28.7,56.75,67,31,37.13,scattered clouds
1,Hobart,AU,-42.8794,147.3294,61.27,88,75,3.44,broken clouds
2,Utena,LT,55.5,25.6,33.71,79,5,7.65,clear sky
3,Arraial Do Cabo,BR,-22.9661,-42.0278,76.86,94,0,9.22,clear sky
4,Sitka,US,57.0531,-135.33,42.69,65,40,8.05,scattered clouds
5,Makakilo City,US,21.3469,-158.0858,80.92,55,100,17.27,overcast clouds
6,Ovalle,CL,-30.5983,-71.2003,75.79,37,0,6.51,clear sky
7,Neepawa,CA,50.2289,-99.4664,49.3,51,95,12.1,overcast clouds
8,Estancia Velha,BR,-29.6483,-51.1739,73.9,84,63,3.49,broken clouds
9,Mogadishu,SO,2.0371,45.3438,81.43,75,72,14.45,broken clouds
10,Rikitea,PF,-23.1203,-134.9692,79.3,72,12,18.07,few clouds
11,Elk City,US,35.412,-99.4043,89.82,5,0,31.07,clear sky
12,Koslan,RU,63.4564,48.8989,38.86,97,100,8.99,overcast clouds
13,Buala,SB,-8.145,159.5921,81.52,75,87,3.8,overcast clouds
14,Cape Town,ZA,-33.9258,18.4232,64.27,70,0,11.01,clear sky
15,Bathsheba,BB,13.2167,-59.5167,81.21,69,75,18.41,broken clouds
16,Codrington,AU,-38.2667,141.9667,61.81,81,87,12.1,overcast clouds
17,Samarai,PG,-10.6167,150.6667,82.96,79,18,18.9,few clouds
18,Port Hardy,CA,50.6996,-127.4199,39.38,81,100,10.36,light intensity shower rain
19,Knysna,ZA,-34.0363,23.0471,59.49,86,0,7.94,clear sky
20,Mar Del Plata,AR,-38.0023,-57.5575,68.09,95,100,18.01,overcast clouds
21,Thompson,CA,55.7435,-97.8558,37.56,56,100,13.8,overcast clouds
22,Albany,US,42.6001,-73.9662,50.76,67,97,1.99,overcast clouds
23,Kaitangata,NZ,-46.2817,169.8464,53.28,74,34,10.02,scattered clouds
24,Male,MV,4.1748,73.5089,83.73,73,100,12.44,overcast clouds
25,Sao Joao Da Barra,BR,-21.6403,-41.0511,80.69,85,87,10.78,overcast clouds
26,Mvuma,ZW,-19.2792,30.5283,58.64,94,100,8.12,overcast clouds
27,Bredasdorp,ZA,-34.5322,20.0403,62.1,86,37,18.23,scattered clouds
28,Nizhniy Tsasuchey,RU,50.5167,115.1333,33.48,98,100,11.92,snow
29,Zeya,RU,53.75,127.2667,23.61,85,100,4.36,overcast clouds
30,College,US,64.8569,-147.8028,16.0,45,20,4.61,few clouds
31,Diffa,NE,13.3154,12.6113,88.32,7,60,3.33,broken clouds
32,Mataura,NZ,-46.1927,168.8643,48.33,82,52,2.53,broken clouds
33,New Norfolk,AU,-42.7826,147.0587,60.93,77,84,3.09,broken clouds
34,Cidreira,BR,-30.1811,-50.2056,69.96,88,82,6.98,broken clouds
35,Bulawayo,ZW,-20.15,28.5833,57.88,92,100,14.94,overcast clouds
36,Punta Arenas,CL,-53.15,-70.9167,53.11,66,75,12.66,broken clouds
37,Huanren,CN,41.2647,125.3667,48.11,90,72,6.87,broken clouds
38,Kimbe,PG,-5.5502,150.1429,76.39,93,97,3.09,overcast clouds
39,Hamilton,US,39.1834,-84.5333,42.24,65,100,14.97,overcast clouds
40,Grindavik,IS,63.8424,-22.4338,37.87,87,75,21.85,broken clouds
41,Kloulklubed,PW,7.0419,134.2556,77.5,82,100,18.95,overcast clouds
42,Beisfjord,NO,68.3751,17.5988,35.65,94,100,2.44,overcast clouds
43,Port Elizabeth,ZA,-33.918,25.5701,65.1,96,100,9.22,overcast clouds
44,Saint-Philippe,RE,-21.3585,55.7679,78.39,84,41,11.16,light rain
45,Luderitz,NA,-26.6481,15.1594,63.39,69,0,6.62,clear sky
46,Khatanga,RU,71.9667,102.5,-6.38,100,91,3.76,overcast clouds
47,Katsuura,JP,35.1333,140.3,59.9,84,0,8.39,clear sky
48,Limpapa,PH,7.1197,121.9106,76.1,84,99,5.84,overcast clouds
49,Dikson,RU,73.5069,80.5464,4.62,98,98,2.46,overcast clouds
50,Xining,CN,36.6167,101.7667,47.97,18,45,3.83,scattered clouds
51,Inirida,CO,3.8653,-67.9239,83.64,79,94,2.28,overcast clouds
52,Hilo,US,19.7297,-155.09,78.12,85,100,5.99,overcast clouds
53,Omboue,GA,-1.5746,9.2618,74.08,89,100,2.59,overcast clouds
54,Ushuaia,AR,-54.8,-68.3,49.66,62,20,0.0,few clouds
55,Busselton,AU,-33.65,115.3333,60.19,66,74,11.16,broken clouds
56,Sioux Lookout,CA,50.1001,-91.917,42.87,22,75,2.3,broken clouds
57,Sovetskiy,RU,61.3614,63.5842,31.8,96,100,7.11,overcast clouds
58,Ponta Do Sol,PT,32.6667,-17.1,62.01,73,1,3.78,clear sky
59,Mount Pleasant,US,32.7941,-79.8626,53.6,51,100,13.8,overcast clouds
60,Chuy,UY,-33.6971,-53.4616,70.11,74,34,10.56,scattered clouds
61,Kruisfontein,ZA,-34.0033,24.7314,62.89,90,86,11.32,light rain
62,Quelimane,MZ,-17.8786,36.8883,76.95,94,40,0.0,scattered clouds
63,Nakamura,JP,32.9833,132.9333,53.31,89,3,2.51,clear sky
64,Provideniya,RU,64.3833,-173.3,33.21,97,100,16.24,light snow
65,Black River,JM,18.0264,-77.8487,80.46,71,92,2.01,overcast clouds
66,Puerto Ayora,EC,-0.7393,-90.3518,84.16,72,92,7.25,light rain
67,Makubetsu,JP,45.3714,141.8211,37.02,89,17,6.62,few clouds
68,Benicarlo,ES,40.4165,0.4271,60.57,74,13,5.66,few clouds
69,Cayenne,GF,4.9333,-52.3333,82.44,1,40,12.66,scattered clouds
70,Disna,BY,55.568,28.1971,37.44,75,100,7.29,overcast clouds
71,Vaini,TO,-21.2,-175.2,80.76,83,40,5.75,scattered clouds
72,Okhotsk,RU,59.3833,143.3,17.8,97,79,2.28,broken clouds
73,Malibu,US,34.005,-118.8101,93.24,60,5,3.0,clear sky
74,Hermanus,ZA,-34.4187,19.2345,61.81,82,5,20.18,clear sky
75,Moose Factory,CA,51.2585,-80.6094,30.2,80,100,9.22,overcast clouds
76,Zyryanka,RU,65.75,150.85,-15.97,97,97,7.83,overcast clouds
77,Deputatskiy,RU,69.3,139.9,-18.69,100,93,0.92,overcast clouds
78,Le Vauclin,MQ,14.5452,-60.8388,82.45,65,20,19.57,few clouds
79,Hami,CN,42.8,93.45,59.16,13,98,13.73,overcast clouds
80,Harper,LR,4.375,-7.7169,82.0,83,99,9.91,overcast clouds
81,Antofagasta,CL,-23.65,-70.4,63.68,73,12,9.8,few clouds
82,San Jose De Guanipa,VE,8.8872,-64.1651,95.59,26,44,10.29,scattered clouds
83,Ancud,CL,-41.8697,-73.8203,51.22,80,100,8.61,light rain
84,Nurota,UZ,40.5614,65.6886,68.63,31,100,3.62,overcast clouds
85,Itapirapua,BR,-15.8233,-50.6133,81.9,69,18,2.93,few clouds
86,Avarua,CK,-21.2078,-159.775,84.25,79,40,6.91,scattered clouds
87,Bagli,IN,22.65,76.35,84.33,17,1,9.13,clear sky
88,Lubango,AO,-14.9172,13.4925,62.62,77,21,2.91,few clouds
89,Kandrian,PG,-6.2167,149.55,77.05,87,87,3.62,overcast clouds
90,Nampula,MZ,-15.1165,39.2666,73.35,94,40,5.75,scattered clouds
91,Mahebourg,MU,-20.4081,57.7,77.29,88,40,8.05,scattered clouds
92,Bagotville,AU,-28.9833,153.4167,65.64,99,73,5.19,broken clouds
93,Uyuni,BO,-20.4597,-66.825,60.13,17,77,15.23,broken clouds
94,Georgetown,MY,5.4112,100.3354,78.73,89,20,0.0,few clouds
95,Palmer,US,42.1584,-72.3287,52.25,74,75,11.5,broken clouds
96,Liverpool,GB,53.4106,-2.9779,42.82,73,0,8.05,clear sky
97,Yellowknife,CA,62.456,-114.3525,29.41,66,75,23.02,broken clouds
98,Dingle,PH,10.9995,122.6711,74.95,90,100,1.14,moderate rain
99,Twin Falls,US,42.3505,-114.6445,46.29,29,0,24.16,clear sky
100,La Ronge,CA,55.1001,-105.2842,44.85,49,100,9.22,overcast clouds
101,Jamestown,US,42.097,-79.2353,40.59,46,100,13.8,overcast clouds
102,Sur,OM,22.5667,59.5289,88.32,36,100,9.26,overcast clouds
103,Fairbanks,US,64.8378,-147.7164,16.02,44,0,4.61,clear sky
104,Puerto Carreno,CO,6.189,-67.4859,96.78,38,20,5.75,few clouds
105,Rawson,AR,-43.3002,-65.1023,61.02,86,100,18.12,light rain
106,Hovd,MN,48.0056,91.6419,29.44,52,36,11.48,scattered clouds
107,Srednekolymsk,RU,67.45,153.6833,-5.78,96,100,5.84,light snow
108,Erzin,TR,36.9559,36.2,57.97,89,43,0.29,scattered clouds
109,Norden,DE,53.6,7.2,40.96,81,22,20.67,few clouds
110,Dovers,VC,12.8833,-61.1833,80.19,76,31,18.68,scattered clouds
111,Goderich,CA,43.7501,-81.7165,34.12,80,100,5.75,overcast clouds
112,Tuatapere,NZ,-46.1333,167.6833,50.25,78,92,3.74,overcast clouds
113,Tuktoyaktuk,CA,69.4541,-133.0374,5.0,85,100,27.63,light snow
114,Port Alfred,ZA,-33.5906,26.891,62.19,95,100,3.0,overcast clouds
115,Henties Bay,NA,-22.116,14.2845,61.21,79,0,7.83,clear sky
116,Lexington,US,37.9887,-84.4777,46.42,56,75,14.97,broken clouds
117,Pemba,MZ,-12.974,40.5178,79.12,78,3,11.03,clear sky
118,Leningradskiy,RU,69.3833,178.4167,-12.06,87,34,3.78,scattered clouds
119,Saskylakh,RU,71.9167,114.0833,-17.88,99,27,1.45,scattered clouds
120,Pedernales,DO,18.0384,-71.744,83.07,63,100,5.08,overcast clouds
121,Paraguacu Paulista,BR,-22.4128,-50.5758,77.63,77,95,5.35,overcast clouds
122,Pisco,PE,-13.7,-76.2167,71.02,83,0,8.05,clear sky
123,Takoradi,GH,4.8845,-1.7554,81.16,84,87,2.15,light rain
124,Margate,GB,51.3813,1.3862,46.31,67,91,1.99,overcast clouds
125,Charcas,MX,23.1333,-101.1167,74.7,26,37,10.63,scattered clouds
126,Yinchuan,CN,38.4681,106.2731,64.36,10,100,3.53,overcast clouds
127,Hambantota,LK,6.1241,81.1185,78.03,83,91,9.84,overcast clouds
128,Leshukonskoye,RU,64.8989,45.7622,35.62,97,95,3.53,overcast clouds
129,Pizarro,CO,4.9533,-77.366,81.81,77,96,7.61,overcast clouds
130,Kapaa,US,22.0752,-159.319,80.58,72,40,10.36,scattered clouds
131,Banjar,ID,-8.19,114.9675,75.96,89,65,3.51,broken clouds
132,East London,ZA,-33.0153,27.9116,65.16,88,100,14.63,light rain
133,Iqaluit,CA,63.7506,-68.5145,22.73,85,100,17.27,light snow
134,Haicheng,CN,40.8516,122.7475,50.81,78,68,13.89,broken clouds
135,Ler,SS,8.3018,30.1418,88.39,32,31,5.35,scattered clouds
136,Ziro,IN,27.6333,93.8333,49.19,94,99,1.68,moderate rain
137,Hasaki,JP,35.7333,140.8333,50.4,82,0,7.54,clear sky
138,Sao Filipe,CV,14.8961,-24.4956,74.48,70,54,12.12,broken clouds
139,Grand Gaube,MU,-20.0064,57.6608,77.4,85,23,16.42,few clouds
140,Zabaykalsk,RU,49.6333,117.3167,35.4,85,39,11.12,scattered clouds
141,Taoudenni,ML,22.6783,-3.9836,81.75,8,0,10.42,clear sky
142,Torbay,CA,47.6666,-52.7314,33.76,95,100,16.11,freezing rain
143,Atuona,PF,-9.8,-139.0333,79.32,80,13,22.08,few clouds
144,Kato Milea,GR,40.2483,22.3378,62.24,56,39,7.76,scattered clouds
145,Hithadhoo,MV,-0.6,73.0833,82.92,73,56,9.46,broken clouds
146,Barrow,US,71.2906,-156.7887,-12.98,70,0,8.05,clear sky
147,Rocha,UY,-34.4833,-54.3333,68.59,77,100,6.42,overcast clouds
148,Urucara,BR,-2.5364,-57.76,79.5,91,73,3.31,broken clouds
149,Lavrentiya,RU,65.5833,-171.0,17.47,90,96,4.97,overcast clouds
150,Semey,KZ,50.4111,80.2275,34.66,70,0,6.2,clear sky
151,Tanete,ID,-3.9443,119.7848,72.37,96,53,1.81,broken clouds
152,Nikolskoye,RU,59.7035,30.7861,37.87,96,100,5.48,overcast clouds
153,Novoagansk,RU,61.9449,76.6625,-3.37,99,100,3.38,overcast clouds
154,Vila Franca Do Campo,PT,37.7167,-25.4333,55.81,71,75,23.51,broken clouds
155,Pecos,US,31.4229,-103.4932,88.63,7,40,0.0,scattered clouds
156,Qaanaaq,GL,77.484,-69.3632,0.64,75,93,3.47,overcast clouds
157,Port Hedland,AU,-20.3167,118.5667,75.25,83,5,5.75,clear sky
158,Barreiras,BR,-12.1528,-44.99,82.29,33,25,1.88,scattered clouds
159,Gravdal,NO,68.1214,13.5031,38.34,80,100,12.26,overcast clouds
160,Labuhan,ID,-6.8844,112.2051,76.51,89,98,8.08,overcast clouds
161,Andreyevo,RU,55.9465,41.1505,37.17,97,100,5.1,overcast clouds
162,Airai,TL,-8.9266,125.4092,58.37,66,99,2.17,overcast clouds
163,Nivala,FI,63.9167,24.9667,33.69,92,79,8.79,light snow
164,Butaritari,KI,3.0707,172.7902,80.42,79,100,13.56,moderate rain
165,Ostersund,SE,63.1792,14.6357,28.85,100,75,3.44,broken clouds
166,Jaque,PA,7.5175,-78.1703,79.83,87,100,2.95,moderate rain
167,Esmeraldas,BR,-19.7625,-44.3139,74.44,80,100,3.91,overcast clouds
168,Jijiga,ET,9.35,42.8,68.99,56,31,5.3,scattered clouds
169,Puerto Del Rosario,ES,28.5004,-13.8627,64.15,77,0,13.8,clear sky
170,Shubarshi,KZ,48.5872,57.1869,47.61,80,100,8.88,overcast clouds
171,Chapleau,CA,47.8405,-83.4034,28.49,80,100,9.22,overcast clouds
172,Mayo,US,38.8876,-76.5119,56.55,47,100,14.0,overcast clouds
173,Carnarvon,AU,-24.8667,113.6333,66.27,77,100,11.5,overcast clouds
174,Gondar,ET,12.6,37.4667,69.66,23,49,2.62,scattered clouds
175,Egvekinot,RU,66.3167,-179.1667,7.0,91,100,2.3,overcast clouds
176,Gayny,RU,60.3071,54.3241,37.2,100,100,7.56,overcast clouds
177,Yarada,IN,17.65,83.2667,82.72,83,40,6.91,mist
178,Tabas,IR,33.5959,56.9244,75.42,16,100,2.3,overcast clouds
179,Urumqi,CN,43.801,87.6005,52.75,44,0,4.47,moderate rain
180,Constitucion,CL,-35.3333,-72.4167,60.08,72,7,6.96,clear sky
181,Escanaba,US,45.7453,-87.0646,44.56,64,75,8.05,broken clouds
182,Tazovskiy,RU,67.4667,78.7,-14.04,100,90,7.4,overcast clouds
183,Sistranda,NO,63.7256,8.834,37.36,69,100,14.63,overcast clouds
184,Altamira,BR,-3.2033,-52.2064,86.09,74,20,2.3,few clouds
185,Upernavik,GL,72.7868,-56.1549,1.38,94,66,5.77,broken clouds
186,Sola,VU,-13.8833,167.55,82.56,69,65,14.18,broken clouds
187,Niquero,CU,20.0431,-77.5828,81.9,67,74,16.35,broken clouds
188,Belem De Sao Francisco,BR,-8.7539,-38.9658,84.31,52,77,19.22,broken clouds
189,Aswan,EG,24.0934,32.907,85.73,15,6,12.48,clear sky
190,Kavieng,PG,-2.5744,150.7967,80.69,78,86,4.7,overcast clouds
191,Biak,ID,-0.9131,122.8766,76.53,80,100,3.33,overcast clouds
192,Nishihara,JP,26.1842,127.7558,71.65,91,100,10.36,overcast clouds
193,Flinders,AU,-34.5833,150.8552,61.18,94,14,7.0,few clouds
194,Saint-Pierre,RE,-21.3393,55.4781,77.29,75,100,11.5,overcast clouds
195,San Luis,AR,-33.295,-66.3356,80.2,36,0,16.67,clear sky
196,Bubaque,GW,11.2833,-15.8333,76.6,75,28,17.83,scattered clouds
197,Clyde River,CA,70.4692,-68.5914,3.43,85,100,2.3,light snow
198,Muzhi,RU,65.3667,64.6667,25.61,95,100,9.24,overcast clouds
199,Atar,MR,20.5169,-13.0499,80.31,7,0,5.84,clear sky
200,Kodiak,US,57.79,-152.4072,36.91,32,0,12.66,clear sky
201,Carutapera,BR,-1.195,-46.02,75.2,94,100,6.02,overcast clouds
202,Gloversville,US,43.0528,-74.3438,50.14,73,75,8.05,broken clouds
203,Karratha,AU,-20.7377,116.8463,80.4,44,8,10.78,clear sky
204,Mount Isa,AU,-20.7333,139.5,76.77,38,79,6.91,broken clouds
205,Penzance,GB,50.1186,-5.5371,38.08,60,78,6.49,broken clouds
206,Ust-Tsilma,RU,65.441,52.1498,36.52,99,100,8.57,overcast clouds
207,Cabedelo,BR,-6.9811,-34.8339,81.27,81,82,12.88,broken clouds
208,Whitehorse,CA,60.7161,-135.0538,32.09,86,100,9.22,light snow
209,Shimoda,JP,34.6667,138.95,61.11,76,0,4.36,clear sky
210,Lalgudi,IN,10.8667,78.8333,79.12,89,40,1.14,mist
211,Avera,US,33.194,-82.5271,54.37,40,100,18.88,overcast clouds
212,Vao,NC,-22.6667,167.4833,77.43,84,65,20.22,broken clouds
213,Honiara,SB,-9.4333,159.95,80.76,76,69,4.25,broken clouds
214,Longyearbyen,SJ,78.2186,15.6401,21.04,68,20,16.11,few clouds
215,Bluff,NZ,-46.6,168.3333,56.66,76,51,21.32,broken clouds
216,Chokurdakh,RU,70.6333,147.9167,-14.28,99,98,4.54,overcast clouds
217,Esperance,AU,-33.8667,121.9,56.55,68,47,8.9,scattered clouds
218,Pangnirtung,CA,66.1451,-65.7125,18.93,87,100,2.13,overcast clouds
219,Paramonga,PE,-10.6667,-77.8333,72.21,76,38,10.07,scattered clouds
220,Santa Rosa,PH,14.3122,121.1114,78.78,87,63,4.52,broken clouds
221,Abalak,RU,58.1286,68.5944,25.88,95,12,4.56,few clouds
222,Uige,AO,-7.6087,15.0613,66.9,97,100,1.16,overcast clouds
223,Edd,ER,13.9297,41.6925,87.35,37,0,17.34,clear sky
224,Mackay,AU,-21.15,149.2,76.68,86,82,18.34,broken clouds
225,Marabba,SD,12.35,32.1833,96.19,23,81,10.4,broken clouds
226,Simao,CN,22.7886,100.9748,58.46,76,0,1.86,clear sky
227,Terrace,CA,54.5163,-128.6035,42.71,48,75,3.44,broken clouds
228,Villanueva De Cordoba,ES,38.3228,-4.6287,52.95,87,93,3.18,overcast clouds
229,Ornskoldsvik,SE,63.2909,18.7153,27.55,100,75,4.61,broken clouds
230,Encruzilhada Do Sul,BR,-30.5439,-52.5219,65.01,89,69,6.73,broken clouds
231,Saldanha,ZA,-33.0117,17.9442,65.44,50,0,10.76,clear sky
232,Nelson Bay,AU,-32.7167,152.15,66.0,96,19,4.74,few clouds
233,Puerto Escondido,MX,15.85,-97.0667,85.03,70,0,8.05,clear sky
234,Cervo,ES,43.6702,-7.4101,50.97,88,64,9.46,broken clouds
235,Kuching,MY,1.55,110.3333,73.62,100,40,0.0,scattered clouds
236,Barsi,IN,18.2333,75.7,86.36,39,99,11.81,overcast clouds
237,Blyznyuky,UA,48.8578,36.5551,51.22,73,100,14.27,overcast clouds
238,Ishigaki,JP,24.3448,124.1572,73.53,94,75,6.91,broken clouds
239,Jiwani,PK,25.05,61.7417,81.39,70,99,17.69,overcast clouds
240,Salalah,OM,17.0151,54.0924,80.69,83,0,3.44,clear sky
241,Boa Vista,BR,2.8197,-60.6733,87.78,55,40,4.61,scattered clouds
242,Sibolga,ID,1.7427,98.7792,76.26,84,93,2.93,overcast clouds
243,Killybegs,IE,54.6333,-8.45,43.0,68,98,6.67,overcast clouds
244,Pachino,IT,36.7186,15.0907,57.69,81,96,19.35,overcast clouds
245,Sorland,NO,67.667,12.6934,39.78,80,100,17.74,overcast clouds
246,Hirara,JP,24.8,125.2833,72.79,84,100,11.54,overcast clouds
247,Ahipara,NZ,-35.1667,173.1667,63.57,76,100,4.12,overcast clouds
248,Adre,TD,13.4667,22.2,85.78,16,45,3.91,scattered clouds
249,Anadyr,RU,64.75,177.4833,27.1,80,40,15.66,scattered clouds
250,Makrana,IN,27.05,74.7167,80.44,16,3,8.68,clear sky
251,Saint-Joseph,RE,-21.3667,55.6167,76.21,82,24,11.9,light rain
252,Acarau,BR,-2.8856,-40.12,79.16,81,99,10.16,overcast clouds
253,Cockburn Town,TC,21.4612,-71.1419,82.36,65,20,13.8,few clouds
254,Salgueiro,BR,-8.0742,-39.1192,85.98,42,75,9.73,broken clouds
255,Cabo San Lucas,MX,22.8909,-109.9124,85.6,61,0,17.27,clear sky
256,Plettenberg Bay,ZA,-34.0527,23.3716,60.96,86,22,10.25,few clouds
257,Tual,ID,-5.6667,132.75,83.75,74,48,14.41,scattered clouds
258,Bethel,US,41.3712,-73.414,55.02,66,75,9.22,broken clouds
259,Talnakh,RU,69.4865,88.3972,-7.8,98,100,2.95,light snow
260,Raudeberg,NO,61.9875,5.1352,38.86,85,100,33.91,overcast clouds
261,Bengkulu,ID,-3.8004,102.2655,76.62,85,100,2.82,overcast clouds
262,Lugo,ES,43.0,-7.5,45.48,100,16,1.61,few clouds
263,Yelizovo,RU,53.1873,158.3805,26.74,63,0,4.47,clear sky
264,Jesus Carranza,MX,17.4333,-95.0333,74.19,64,100,7.94,overcast clouds
265,Tanout,NE,14.9709,8.8879,89.33,5,6,10.98,clear sky
266,Narsaq,GL,60.9167,-46.05,35.82,59,0,3.11,clear sky
267,Havre-Saint-Pierre,CA,50.2334,-63.5986,35.96,93,100,4.61,overcast clouds
268,Porto Novo,BJ,6.4965,2.6036,80.42,81,100,6.89,overcast clouds
269,Tura,IN,25.5198,90.2201,69.78,90,0,5.35,clear sky
270,San Patricio,US,28.017,-97.5169,88.16,30,0,21.83,clear sky
271,Port Blair,IN,11.6667,92.75,80.83,77,100,2.73,overcast clouds
272,Nisia Floresta,BR,-6.0911,-35.2086,83.21,83,40,8.77,scattered clouds
273,Kalmunai,LK,7.4167,81.8167,77.85,86,99,6.31,overcast clouds
274,Omsukchan,RU,62.5333,155.8,3.61,93,100,4.81,overcast clouds
275,Wanning,CN,18.8003,110.3967,67.5,89,72,4.41,broken clouds
276,Agadez,NE,19.75,10.25,87.8,6,0,8.08,clear sky
277,Cherskiy,RU,68.75,161.3,-12.55,98,79,1.61,broken clouds
278,San Rafael Del Sur,NI,11.8485,-86.4384,94.17,27,77,16.55,broken clouds
279,Sept-Iles,CA,50.2001,-66.3821,34.05,95,100,3.44,fog
280,Tarakan,ID,3.3,117.6333,76.5,100,40,1.14,moderate rain
281,Wote,KE,-1.7808,37.6288,65.07,77,36,2.15,scattered clouds
282,Vardo,NO,70.3705,31.1107,37.65,86,100,23.44,overcast clouds
283,Hauterive,FR,46.0901,3.4459,39.96,83,29,0.49,scattered clouds
284,Garcia Hernandez,PH,9.6144,124.2946,75.92,89,100,12.5,heavy intensity rain
285,Nuuk,GL,64.1835,-51.7216,25.88,80,40,19.57,scattered clouds
286,Alice Springs,AU,-23.7,133.8833,51.35,62,0,5.75,clear sky
287,Pathein,MM,16.7833,94.7333,77.49,84,7,6.42,clear sky
288,Pevek,RU,69.7008,170.3133,-18.49,96,41,2.64,scattered clouds
289,Faanui,PF,-16.4833,-151.75,82.6,74,97,21.41,overcast clouds
290,Antalaha,MG,-14.9003,50.2788,73.17,87,70,7.61,broken clouds
291,Cozumel,MX,20.5083,-86.9458,80.94,61,40,13.0,scattered clouds
292,Kamskiye Polyany,RU,55.4307,51.4171,45.41,95,100,7.14,overcast clouds
293,San Cristobal,VE,7.7669,-72.225,82.58,40,55,6.49,broken clouds
294,Asau,RO,46.4333,26.4,47.95,88,100,2.98,overcast clouds
295,Madimba,TZ,-10.4,40.3333,76.12,89,7,7.16,clear sky
296,Sawakin,SD,19.1059,37.3321,80.49,67,0,6.17,clear sky
297,Kyzyl-Suu,KG,42.3414,78.0056,46.63,67,49,7.18,light rain
298,Palmares Do Sul,BR,-30.2578,-50.5097,70.0,86,50,6.82,scattered clouds
299,Boke,GN,10.9409,-14.2967,77.02,77,9,5.7,clear sky
300,Vestmanna,FO,62.1564,-7.1664,31.12,93,100,11.5,overcast clouds
301,Santa Rosalia,MX,27.3167,-112.2833,79.14,46,4,8.34,clear sky
302,Mangai,CD,-4.05,19.5333,71.02,96,88,1.61,light rain
303,Dambulla,LK,7.86,80.6517,72.64,95,99,4.14,overcast clouds
304,San Jose,US,37.3394,-121.895,79.88,27,0,16.11,clear sky
305,Hede,CN,33.7681,120.2517,57.06,75,98,7.76,overcast clouds
306,Bandundu,CD,-3.3167,17.3667,75.15,84,91,1.28,light rain
307,Meulaboh,ID,4.1363,96.1285,77.49,87,86,3.2,overcast clouds
308,Otorohanga,NZ,-38.1833,175.2,57.18,72,6,0.2,clear sky
309,Amloh,IN,30.6084,76.2319,78.75,13,0,2.04,clear sky
310,Richards Bay,ZA,-28.783,32.0377,67.12,85,100,3.18,light rain
311,Kargasok,RU,59.0556,80.8572,5.38,95,82,6.55,broken clouds
312,Castro,BR,-24.7911,-50.0119,70.83,74,88,2.93,overcast clouds
313,Maldonado,UY,-34.6667,-54.9167,70.23,79,99,9.53,overcast clouds
314,Trinidad,BO,-14.8333,-64.9,89.58,66,75,0.0,broken clouds
315,Celestun,MX,20.8667,-90.4,79.52,43,83,22.1,broken clouds
316,Veraval,IN,20.9,70.3667,80.26,72,0,8.46,clear sky
317,Lauterbach,DE,50.6333,9.4,38.01,91,19,4.97,few clouds
318,Sambava,MG,-14.2667,50.1667,75.36,88,97,11.68,overcast clouds
319,Fortuna,US,40.5982,-124.1573,56.93,58,0,20.71,clear sky
320,Bathurst,AU,-33.4166,149.5806,59.83,93,69,3.06,broken clouds
321,Port Augusta,AU,-32.5,137.7667,63.36,49,19,4.18,few clouds
322,Villa Union,MX,23.2,-106.2333,80.56,61,0,6.91,clear sky
323,Mrakovo,RU,52.7161,56.6244,44.67,86,100,13.33,overcast clouds
324,George,ZA,-33.963,22.4617,56.75,94,0,2.3,clear sky
325,Lorengau,PG,-2.0226,147.2712,80.44,82,92,7.85,overcast clouds
326,Araxa,BR,-19.5933,-46.9406,73.36,83,0,3.44,clear sky
327,Tiksi,RU,71.6872,128.8694,-13.95,100,90,4.38,overcast clouds
328,Jian,CN,27.1172,114.9793,66.31,57,83,3.69,broken clouds
329,Lincoln,US,40.8,-96.667,70.18,22,0,19.57,clear sky
330,Tasiilaq,GL,65.6145,-37.6368,24.96,93,85,2.48,overcast clouds
331,Kawardha,IN,22.0167,81.25,81.37,21,62,4.83,broken clouds
332,Fomboni,KM,-12.28,43.7425,83.34,74,94,9.64,overcast clouds
333,Gualeguay,AR,-33.1416,-59.3097,79.43,51,3,6.51,clear sky
334,Norman Wells,CA,65.282,-126.8329,15.84,57,75,16.11,light snow
335,Kalevala,RU,65.2,31.1667,29.07,87,68,8.25,broken clouds
336,Bambous Virieux,MU,-20.3428,57.7575,77.25,88,40,8.05,scattered clouds
337,Zhigansk,RU,66.7697,123.3711,1.17,97,30,11.27,scattered clouds
338,Alofi,NU,-19.0595,-169.9187,84.09,84,11,5.75,few clouds
339,Banfora,BF,10.6333,-4.7667,95.79,25,100,3.0,overcast clouds
340,Lata,PT,40.1629,-8.3327,58.91,96,80,1.32,broken clouds
341,Saint George,US,37.1041,-113.5841,85.24,9,0,19.57,clear sky
342,Shelburne,CA,44.0787,-80.2041,35.91,83,100,13.87,overcast clouds
343,Lompoc,US,34.6391,-120.4579,74.84,60,0,25.01,haze
344,Severo-Yeniseyskiy,RU,60.3725,93.0408,18.64,98,98,1.92,overcast clouds
345,Fort Nelson,CA,58.8053,-122.7002,40.59,33,20,16.11,few clouds
346,Belle Fourche,US,44.6714,-103.8522,53.31,38,74,17.07,broken clouds
347,Roswell,US,34.0232,-84.3616,56.43,40,40,20.71,scattered clouds
348,Jalu,LY,29.0331,21.5482,74.89,18,100,8.32,overcast clouds
349,Lebu,CL,-37.6167,-73.65,54.77,83,99,0.47,overcast clouds
350,Cortez,US,37.3489,-108.5859,70.56,11,0,10.36,clear sky
351,Camana,PE,-16.6228,-72.7111,71.92,71,48,9.98,scattered clouds
352,Champerico,GT,14.3,-91.9167,91.94,61,87,13.15,overcast clouds
353,Namtsy,RU,62.7161,129.6658,18.7,90,100,9.35,overcast clouds
354,Gusino,RU,54.7244,31.368,37.85,94,100,9.64,overcast clouds
355,San Carlos De Bariloche,AR,-41.1456,-71.3082,49.75,62,40,17.27,scattered clouds
356,Fort Dodge,US,42.4975,-94.168,57.81,19,0,12.66,clear sky
357,Severo-Kurilsk,RU,50.6789,156.125,29.1,72,100,4.56,overcast clouds
358,Along,IN,28.1667,94.7667,63.84,96,63,1.7,moderate rain
359,Pacific Grove,US,36.6177,-121.9166,74.01,69,0,11.5,clear sky
360,Talaya,RU,61.3833,152.75,1.99,94,100,5.7,overcast clouds
361,Camacha,PT,33.0833,-16.3333,56.62,72,20,0.0,few clouds
362,Porto Walter,BR,-8.2686,-72.7439,74.32,98,100,2.71,heavy intensity rain
363,Pleasanton,US,37.6624,-121.8747,81.09,26,0,5.75,clear sky
364,Tymovskoye,RU,50.8456,142.655,25.29,91,47,1.03,scattered clouds
365,Bambanglipuro,ID,-7.95,110.2833,75.34,87,99,3.38,overcast clouds
366,Jumla,NP,29.2747,82.1838,47.05,62,2,4.83,clear sky
367,The Valley,AI,18.217,-63.0578,82.26,65,20,17.27,few clouds
368,Longido,TZ,-2.7333,36.6833,67.84,57,59,8.86,broken clouds
369,Marawi,PH,7.9986,124.2928,66.76,93,100,1.66,overcast clouds
370,Juneau,US,58.3019,-134.4197,41.85,81,75,9.22,broken clouds
371,Alamos,MX,27.0167,-108.9333,90.81,16,52,9.91,broken clouds
372,Suntar,RU,62.1444,117.6319,1.8,99,70,2.44,broken clouds
373,Caravelas,BR,-17.7125,-39.2481,77.92,80,19,5.46,few clouds
374,Naze,JP,28.3667,129.4833,67.12,88,87,8.57,overcast clouds
375,Mumford,GH,5.2618,-0.759,82.02,83,100,6.06,overcast clouds
376,Mandan,US,46.8267,-100.8896,60.01,36,100,5.01,overcast clouds
377,Chapais,CA,49.7834,-74.8492,37.18,97,97,5.64,overcast clouds
378,Aksu,CN,41.1231,80.2644,67.37,26,90,12.8,overcast clouds
379,Turka,UA,49.1541,23.0297,34.79,89,100,3.98,overcast clouds
380,Roma,US,43.2128,-75.4557,50.38,57,75,17.27,broken clouds
381,Nyurba,RU,63.2842,118.3319,-2.43,100,98,1.63,overcast clouds
382,Bereda,ES,43.2686,-7.5406,45.14,100,41,0.54,scattered clouds
383,Banda,IN,25.4833,80.3333,86.36,9,0,5.7,clear sky
384,Teya,RU,60.3778,92.6267,21.63,98,100,2.73,overcast clouds
385,Makhinjauri,GE,41.6739,41.694,58.86,55,0,12.66,clear sky
386,San Quintin,MX,30.4833,-115.95,71.55,55,8,7.96,clear sky
387,Nacala,MZ,-14.5428,40.6728,73.56,87,3,6.53,clear sky
388,Chara,RU,56.9064,118.2631,13.51,90,100,1.34,overcast clouds
389,Sergeyevka,KZ,53.88,67.4158,39.33,72,61,7.18,broken clouds
390,Bucerias,MX,20.75,-105.3333,78.78,69,0,12.66,clear sky
391,Poum,NC,-20.2333,164.0167,79.54,80,67,13.82,broken clouds
392,Panalingaan,PH,8.7842,117.4231,76.39,90,100,3.42,overcast clouds
393,Panzhihua,CN,26.5851,101.7128,60.17,87,3,2.26,clear sky
394,Nalut,LY,30.3333,10.85,70.16,24,0,14.29,clear sky
395,San Ramon,US,37.7799,-121.978,80.56,27,0,16.11,clear sky
396,Danville,US,36.586,-79.395,53.35,39,100,11.5,overcast clouds
397,Prince Rupert,CA,54.3161,-130.3201,39.29,87,75,9.22,broken clouds
398,Port Lincoln,AU,-34.7333,135.8667,66.4,46,89,6.29,overcast clouds
399,Sigli,ID,5.3848,95.9609,78.37,79,48,4.12,scattered clouds
400,Riyadh,SA,24.6877,46.7219,82.54,10,18,8.99,few clouds
401,San Benito,US,36.6166,-121.0844,68.94,21,0,10.69,clear sky
402,Solnechnyy,RU,50.7214,136.6319,22.46,98,92,3.71,overcast clouds
403,Vanimo,PG,-2.6741,141.3028,77.4,90,98,4.76,overcast clouds
404,Haines Junction,CA,60.7522,-137.5108,30.15,47,96,13.8,overcast clouds
405,Port-Gentil,GA,-0.7193,8.7815,79.21,79,99,9.35,overcast clouds
406,Nanortalik,GL,60.1432,-45.2371,31.55,77,7,1.99,clear sky
407,Belaya Gora,RU,68.5333,146.4167,-11.83,93,97,3.58,overcast clouds
408,Taldan,RU,53.6667,124.8,23.05,78,100,6.38,overcast clouds
409,Bay Roberts,CA,47.5999,-53.2648,34.52,90,100,7.0,moderate rain
410,Fuerte Olimpo,PY,-21.0415,-57.8738,95.07,33,97,1.14,overcast clouds
411,Channel-Port Aux Basques,CA,47.5702,-59.1367,37.11,98,100,13.8,overcast clouds
412,Santa Cruz,BO,-17.8,-63.1667,87.26,62,40,16.11,scattered clouds
413,Vanavara,RU,60.34,102.2797,16.81,98,99,2.86,overcast clouds
414,Korla,CN,41.7597,86.1469,65.34,29,100,7.4,overcast clouds
415,Hualmay,PE,-11.0964,-77.6139,72.52,75,49,10.8,scattered clouds
416,Sabang,ID,5.8933,95.3214,82.62,70,40,2.19,scattered clouds
417,Tautira,PF,-17.7333,-149.15,81.55,78,96,21.97,overcast clouds
418,Jawhar,SO,2.7809,45.5005,79.75,77,68,10.58,broken clouds
419,Victoria,HK,22.2855,114.1577,71.94,76,0,8.99,clear sky
420,Baghmara,IN,23.795,86.2085,75.4,62,0,3.89,clear sky
421,Kenai,US,60.5544,-151.2583,36.03,38,0,6.91,clear sky
422,Vila,PT,42.0304,-8.1588,45.7,85,6,4.72,clear sky
423,Karla,EE,59.3723,24.9275,33.76,80,0,13.8,clear sky
424,Lakes Entrance,AU,-37.8811,147.981,59.16,79,91,4.05,overcast clouds
425,Banda Aceh,ID,5.5577,95.3222,78.91,81,27,4.09,scattered clouds
426,Marsh Harbour,BS,26.5412,-77.0636,72.39,54,100,18.01,overcast clouds
427,Talara,PE,-4.5772,-81.2719,81.36,57,75,10.36,broken clouds
428,Muroto,JP,33.2833,134.15,61.52,71,0,4.5,clear sky
429,Katherine,AU,-14.4667,132.2667,64.72,68,99,6.91,overcast clouds
430,Pacos De Brandao,PT,40.9754,-8.5835,56.98,90,10,6.2,clear sky
431,Erzurum,TR,40.0,41.5,31.68,83,56,3.27,broken clouds
432,Comarapa,BO,-17.9,-64.4833,63.66,80,49,5.79,scattered clouds
433,Ust-Omchug,RU,61.15,149.6333,5.36,94,100,5.57,overcast clouds
434,Beyneu,KZ,45.3167,55.2,55.47,65,92,10.11,overcast clouds
435,Bonfim,BR,3.0833,-59.95,83.75,64,83,2.84,broken clouds
436,Samana,DO,19.2056,-69.3369,82.62,78,40,9.22,scattered clouds
437,Vila Velha,BR,-20.3297,-40.2925,84.15,85,0,13.8,clear sky
438,Lake Havasu City,US,34.4839,-114.3224,99.21,6,0,13.8,clear sky
439,Portland,US,45.5234,-122.6762,56.55,57,75,13.8,broken clouds
440,Srandakan,ID,-7.9386,110.2506,75.42,87,100,3.58,overcast clouds
441,Mahajanga,MG,-15.7167,46.3167,78.82,89,40,3.44,scattered clouds
442,Puerto Baquerizo Moreno,EC,-0.9,-89.6,81.59,78,75,10.36,broken clouds
443,Maralal,KE,1.0968,36.698,61.5,72,4,8.61,clear sky
444,Dongfeng,CN,42.6403,125.5118,54.84,63,79,17.0,broken clouds
445,Evensk,RU,61.95,159.2333,18.32,90,100,1.79,overcast clouds
446,Carmo Do Paranaiba,BR,-19.0008,-46.3161,67.75,91,100,1.43,moderate rain
447,Medea,DZ,36.2642,2.7539,47.95,83,33,4.07,scattered clouds
448,Richmond,US,37.5538,-77.4603,55.4,40,100,13.8,overcast clouds
449,Oranjemund,NA,-28.55,16.4333,63.46,71,0,7.31,clear sky
450,Ostuacan,MX,17.4167,-93.3,70.11,74,100,7.7,overcast clouds
451,Itarema,BR,-2.9248,-39.9167,78.01,80,100,9.06,overcast clouds
452,Kholodnyy,RU,62.7167,147.95,-4.0,88,100,4.85,overcast clouds
453,Kirakira,SB,-10.4544,161.9205,77.95,88,100,6.2,overcast clouds
454,Seydi,TM,39.4816,62.9137,76.69,22,100,9.89,overcast clouds
455,Daru,PG,-9.0763,143.2092,74.95,92,100,2.26,light rain
456,Branesti,RO,45.0333,25.4167,57.07,99,99,2.82,overcast clouds
457,Innisfail,AU,-17.5333,146.0333,75.79,91,100,5.19,overcast clouds
458,Ocampo,MX,21.65,-101.5,75.38,20,80,11.72,broken clouds
459,Amarante Do Maranhao,BR,-5.5667,-46.7422,75.2,95,100,4.43,overcast clouds
460,Tiarei,PF,-17.5333,-149.3333,87.82,78,61,22.17,broken clouds
461,Timmins,CA,48.4669,-81.3331,28.22,80,100,10.36,light snow
462,Ponta Delgada,PT,37.7333,-25.6667,56.12,76,20,25.32,few clouds
463,Ciudad Bolivar,VE,8.1222,-63.5497,92.55,38,94,15.48,overcast clouds
464,Vangaindrano,MG,-23.35,47.6,73.2,89,37,5.41,light rain
465,Muncar,ID,-8.4333,114.3333,74.48,92,59,3.11,broken clouds
466,Analipsis,GR,35.3167,25.5667,60.12,64,32,1.9,scattered clouds
467,Qandala,SO,11.472,49.8728,82.6,66,96,3.24,overcast clouds
468,Takaungu,KE,-3.6837,39.8566,82.0,74,40,11.16,scattered clouds
469,Batasan,PH,12.7667,120.7833,79.34,72,99,4.09,overcast clouds
470,Sokoni,TZ,-6.4333,39.55,83.88,71,8,13.56,clear sky
471,Florence,IT,43.7667,11.25,48.51,68,75,20.71,light intensity drizzle
472,Namibe,AO,-15.1961,12.1522,71.19,78,9,4.61,clear sky
473,Nambucca Heads,AU,-30.65,153.0,64.99,85,31,5.21,scattered clouds
474,Carbonia,IT,39.1672,8.5222,54.25,71,3,13.06,clear sky
475,Limoeiro Do Ajuru,BR,-1.8953,-49.3806,75.54,92,100,8.9,very heavy rain
476,Xichang,CN,27.8964,102.2634,55.29,90,5,0.83,clear sky
477,Yar-Sale,RU,66.8333,70.8333,8.1,95,100,6.42,overcast clouds
478,Irara,BR,-12.05,-38.7667,78.31,67,11,12.8,few clouds
479,Tolaga Bay,NZ,-38.3667,178.3,59.34,62,0,2.06,clear sky
480,Broken Hill,AU,-31.95,141.4333,64.85,67,4,7.58,clear sky
481,Matara,LK,5.9485,80.5353,76.53,88,90,7.7,overcast clouds
482,Rundu,NA,-17.9333,19.7667,67.3,77,13,6.11,few clouds
483,Eureka,US,40.8021,-124.1637,61.12,64,53,14.0,broken clouds
484,Maniitsoq,GL,65.4167,-52.9,20.1,81,53,4.29,broken clouds
485,Los Llanos De Aridane,ES,28.6585,-17.9182,60.55,87,100,6.91,overcast clouds
486,Aklavik,CA,68.2191,-135.0107,8.6,66,75,14.97,light snow
487,Sobolevo,RU,54.4299,31.8996,39.85,94,100,10.25,overcast clouds
488,Boralday,KZ,43.3578,76.8594,51.66,82,100,4.47,overcast clouds
489,Esna,EG,25.2934,32.554,81.27,12,7,13.67,clear sky
490,Adrar,MR,20.5022,-10.0711,82.09,7,0,7.99,clear sky
491,Santa Rita,BR,-7.1139,-34.9781,81.27,83,20,9.22,few clouds
492,Ucluelet,CA,48.9329,-125.5528,46.09,72,23,1.99,few clouds
493,Brae,GB,60.3964,-1.353,37.15,60,100,19.98,overcast clouds
494,Norfolk,US,42.1668,-71.2495,57.97,75,100,5.75,overcast clouds
495,Ostrovnoy,RU,68.0531,39.5131,34.56,82,78,18.54,broken clouds
496,Husavik,IS,66.0449,-17.3389,23.79,82,97,5.48,overcast clouds
497,Manicore,BR,-5.8092,-61.3003,78.48,96,95,2.55,light rain
498,Fano,IT,43.8204,13.0121,48.52,78,100,12.39,overcast clouds
499,Port Hueneme,US,34.1478,-119.1951,93.2,59,0,12.66,haze
500,Songjianghe,CN,42.1859,127.479,46.13,83,33,5.97,scattered clouds
501,Praia,CV,14.9215,-23.5087,72.14,73,0,16.11,clear sky
502,Lidkoping,SE,58.5052,13.1577,39.22,79,99,6.93,overcast clouds
503,Surgut,RU,61.25,73.4167,0.09,77,0,2.24,clear sky
504,Svetlaya,RU,46.5389,138.3297,32.36,85,74,3.11,broken clouds
505,Ajdabiya,LY,30.7554,20.2263,64.29,55,82,11.52,broken clouds
506,Baft,IR,29.234,56.6057,58.44,15,98,3.8,overcast clouds
507,Jambi,ID,-1.6,103.6167,72.59,98,65,1.43,broken clouds
508,Chicama,PE,-7.8447,-79.1469,66.74,61,94,9.06,overcast clouds
509,Ingham,US,42.6,-84.3833,39.06,66,100,13.8,overcast clouds
510,Dakar,SN,14.6937,-17.4441,76.08,64,0,13.8,clear sky
511,Waipawa,NZ,-41.4122,175.5153,54.59,74,12,3.06,few clouds
512,Hobyo,SO,5.3505,48.5268,81.95,77,18,13.35,few clouds
513,Mattru,SL,7.6244,-11.8332,80.01,78,68,5.41,light rain
514,Wattegama,LK,6.7989,81.4808,74.34,92,100,2.28,overcast clouds
515,Pishin,PK,30.5803,66.9961,68.76,12,2,3.02,clear sky
516,Yulara,AU,-25.2406,130.9889,55.24,41,0,5.75,clear sky
517,Sorong,ID,-0.8833,131.25,79.14,87,98,10.0,overcast clouds
518,Souillac,MU,-20.5167,57.5167,77.38,88,40,8.05,scattered clouds
519,Progreso,MX,21.2833,-89.6667,82.51,46,88,16.67,overcast clouds
520,Umm Kaddadah,SD,13.6017,26.6876,86.05,10,3,13.04,clear sky
521,Puri,IN,19.8,85.85,81.12,87,8,22.15,clear sky
522,Hargeysa,SO,9.56,44.065,70.03,65,7,5.97,clear sky
523,Kavaratti,IN,10.5669,72.642,83.61,75,81,7.58,light rain
524,Vryburg,ZA,-26.9566,24.7284,55.17,89,100,15.48,moderate rain
525,Torfyanoy,RU,58.4916,49.1979,36.34,96,100,7.56,overcast clouds
526,Creel,MX,27.75,-107.6333,67.93,26,99,18.63,overcast clouds
527,Namwala,ZM,-15.7504,26.4384,63.84,92,97,4.45,overcast clouds
528,Khetri,IN,27.9833,75.8,80.8,15,0,7.67,clear sky
529,Pangai,TO,-19.8,-174.35,84.31,70,40,4.61,scattered clouds
530,Ulagan,RU,50.6321,87.9563,20.07,92,49,2.82,scattered clouds
531,Zhuhai,CN,22.2769,113.5678,69.85,94,20,2.3,few clouds
532,Christiana,ZA,-27.914,25.1611,56.46,80,100,6.31,overcast clouds
533,Martil,MA,35.6166,-5.2752,58.96,67,0,5.75,clear sky
534,Sakakah,SA,29.9697,40.2064,65.77,16,0,7.14,clear sky
535,Fort-Shevchenko,KZ,44.5086,50.263,48.88,87,3,8.08,clear sky
536,Scunthorpe,GB,53.579,-0.6544,43.09,82,86,3.0,overcast clouds
537,Ilulissat,GL,69.2167,-51.1,15.82,62,40,4.61,scattered clouds
538,Arman,RU,59.7,150.1667,13.03,89,56,5.19,broken clouds
539,Bilibino,RU,68.0546,166.4372,-7.26,92,100,1.86,overcast clouds
540,Itapuranga,BR,-15.5622,-49.9486,76.64,78,46,3.6,scattered clouds
541,Coshocton,US,40.272,-81.8596,43.47,74,100,4.0,overcast clouds
542,Ferrol,ES,43.4832,-8.2369,56.34,84,47,7.25,scattered clouds
543,Minsk,BY,53.9,27.5667,38.95,80,100,6.58,overcast clouds
544,La Palma,US,33.8464,-118.0467,92.97,59,20,10.36,few clouds
545,Half Moon Bay,US,37.4636,-122.4286,78.62,55,0,25.32,mist
546,Kolondieba,ML,11.0882,-6.8926,93.09,21,37,2.77,scattered clouds
547,Nyakahanga,TZ,-1.6033,31.1414,61.12,77,25,2.44,scattered clouds
548,Otjimbingwe,NA,-22.35,16.1333,70.81,26,0,4.09,clear sky
549,Gat,IL,31.61,34.7642,65.39,83,0,3.87,clear sky
550,Road Town,VG,18.4167,-64.6167,82.44,65,75,11.5,broken clouds
551,Hailar,CN,49.2,119.7,44.01,50,1,19.04,clear sky
552,Laguna,US,38.421,-121.4238,78.12,14,0,24.16,clear sky
553,Cancun,MX,21.1743,-86.8466,78.73,53,40,9.22,scattered clouds
554,Pringsewu,ID,-5.3582,104.9744,72.63,97,100,3.51,overcast clouds
555,Ambilobe,MG,-13.2,49.05,73.83,95,47,3.02,scattered clouds
556,Foumban,CM,5.7291,10.9001,68.2,82,100,2.01,light rain
557,Solwezi,ZM,-12.1688,26.3894,61.03,98,86,4.5,overcast clouds
558,Thinadhoo,MV,0.5333,72.9333,83.64,68,62,9.95,broken clouds
559,Lasa,IT,46.6166,10.7002,38.28,90,39,6.44,scattered clouds
560,Camocim,BR,-2.9022,-40.8411,78.87,87,93,7.83,heavy intensity rain
561,Megion,RU,61.0296,76.1136,6.82,100,62,3.85,broken clouds
562,Vilyuysk,RU,63.7553,121.6247,2.61,99,100,2.44,overcast clouds
563,Lunsar,SL,8.6833,-12.5333,81.3,68,63,4.61,broken clouds
564,Chifeng,CN,42.2683,118.9636,53.47,47,99,7.63,overcast clouds
565,Inhambane,MZ,-23.865,35.3833,75.33,66,100,16.06,overcast clouds
566,Dongobesh,TZ,-4.0667,35.3833,58.01,71,71,10.42,broken clouds
567,Jinzhou,CN,41.1078,121.1417,48.36,83,8,10.87,clear sky
568,Coxim,BR,-18.5067,-54.76,86.9,56,77,4.74,broken clouds
569,Gobo,JP,33.8833,135.15,55.94,76,0,5.14,clear sky
570,Chumikan,RU,54.7183,135.315,8.56,94,79,2.93,broken clouds
571,Dole,FR,47.0833,5.5,37.11,100,0,2.3,clear sky
572,Buraydah,SA,26.326,43.975,77.45,13,0,13.51,clear sky
573,Machilipatnam,IN,16.1667,81.1333,81.21,80,98,7.4,overcast clouds
574,Zhezkazgan,KZ,47.8043,67.7144,47.7,62,98,10.51,overcast clouds
575,Scottsboro,US,34.6723,-86.0341,60.1,31,40,13.8,scattered clouds
576,Oranjestad,AW,12.524,-70.027,84.15,65,20,20.71,few clouds
577,Pinawa,CA,50.1489,-95.8811,41.65,75,100,11.27,overcast clouds
578,Tomatlan,MX,19.9333,-105.25,89.22,40,0,9.57,clear sky
579,Mongagua,BR,-24.0931,-46.6208,78.66,92,81,1.43,broken clouds
580,Turan,VN,16.0678,108.2208,67.98,88,40,3.44,scattered clouds
581,Wawa,NG,9.9022,4.4192,86.25,52,99,12.55,overcast clouds
582,Sonoma,US,38.55,-122.9011,79.68,26,0,6.91,clear sky
583,Preobrazheniye,RU,42.9019,133.9064,45.09,72,100,10.47,overcast clouds
584,North Platte,US,41.1239,-100.7654,82.29,15,0,8.99,clear sky
585,Birao,CF,10.2849,22.7882,86.7,28,57,5.26,broken clouds
586,Cuamba,MZ,-14.8031,36.5372,65.44,95,17,1.68,few clouds
587,Nadym,RU,65.5333,72.5167,7.65,94,100,6.87,overcast clouds
588,Saint-Ambroise,CA,48.5501,-71.3324,48.74,87,94,2.17,overcast clouds
589,Kumluca,TR,36.3703,30.2869,62.92,73,100,1.97,overcast clouds
590,Okha,RU,53.5739,142.9478,18.46,88,72,9.62,broken clouds
591,Linxia,CN,35.6003,103.2064,51.08,23,0,3.31,clear sky
592,Novochernorechenskiy,RU,56.2669,91.0828,30.38,98,97,5.12,light snow
593,Luba,GQ,3.4568,8.5547,80.55,81,100,1.16,overcast clouds
594,Te Anau,NZ,-45.4167,167.7167,52.23,70,27,1.25,scattered clouds
595,Klaksvik,FO,62.2266,-6.589,31.12,75,100,13.89,light snow
596,Pilar,BR,-9.5972,-35.9567,76.93,84,78,4.16,broken clouds
597,Broome,US,42.2506,-75.833,50.02,70,0,8.05,clear sky
598,Isangel,VU,-19.55,169.2667,82.51,83,26,6.91,scattered clouds
599,Lujan,AR,-34.5703,-59.105,76.01,65,0,1.99,clear sky
600,Vestmannaeyjar,IS,63.4427,-20.2734,39.16,67,100,26.96,overcast clouds
601,Lagoa,PT,39.05,-27.9833,55.26,73,35,38.32,scattered clouds
602,Faya,SA,18.3851,42.4509,62.71,48,0,1.72,clear sky
603,Udachnyy,RU,66.4167,112.4,-1.61,100,78,1.92,broken clouds
604,Russell,US,32.3502,-85.1999,62.96,31,0,13.8,clear sky
605,Banon,ES,40.8382,-1.1909,52.86,71,0,2.3,clear sky
606,High Rock,BS,26.6208,-78.2833,73.42,57,100,12.71,overcast clouds
607,Havoysund,NO,70.9963,24.6622,35.83,97,100,28.59,overcast clouds
608,Kolaras,IN,25.2333,77.6,83.66,17,2,9.93,clear sky
609,Veinticinco De Mayo,AR,-35.4323,-60.1727,73.98,66,0,8.84,clear sky
610,Sol-Iletsk,RU,51.1631,54.9918,47.71,87,100,13.69,overcast clouds
611,Oistins,BB,13.0667,-59.5333,80.69,69,75,18.41,broken clouds
612,Mama,RU,58.3106,112.8986,7.5,98,63,2.48,broken clouds
613,Beringovskiy,RU,63.05,179.3167,34.16,84,98,24.45,overcast clouds
614,Naruja,GE,41.9069,41.9542,57.52,65,6,6.29,clear sky
615,Kampot,KH,10.6167,104.1833,77.05,81,60,4.74,broken clouds
616,Puerto Maldonado,PE,-12.6,-69.1833,79.75,87,99,1.72,overcast clouds
617,Kisangani,CD,0.5167,25.2,74.26,72,43,2.44,scattered clouds
618,Pandan,PH,14.0453,124.1694,79.07,87,100,12.41,heavy intensity rain
619,Coos Bay,US,43.3665,-124.2179,55.31,78,40,16.11,scattered clouds
620,Den Helder,NL,52.9599,4.7593,42.98,70,75,15.99,broken clouds
621,Bushehr,IR,28.9684,50.8385,73.49,56,1,6.91,clear sky
622,Meadow Lake,US,34.8014,-106.5436,79.45,5,3,20.13,clear sky
623,Kahului,US,20.8947,-156.47,84.22,63,20,20.71,few clouds
624,Kosh-Agach,RU,50.0,88.6667,18.54,65,9,5.19,clear sky
625,Svetlyy,RU,54.675,20.1347,39.25,72,10,19.06,clear sky
626,Schluchtern,DE,50.3489,9.5253,39.49,87,43,4.65,scattered clouds
627,Winslow,US,35.0242,-110.6974,78.98,7,0,19.57,clear sky
628,Pavlodar,KZ,52.3,76.95,26.4,86,0,2.24,clear sky
629,Dalby,AU,-27.1833,151.2667,63.99,94,12,1.01,few clouds
630,Perelyub,RU,51.8667,50.3667,45.63,96,100,4.97,overcast clouds
631,Ndola,ZM,-12.9587,28.6366,60.51,98,84,5.73,broken clouds
632,Oriximina,BR,-1.7656,-55.8661,77.77,92,62,0.36,broken clouds
633,Santa Maria,BR,-29.6842,-53.8069,72.7,78,20,4.61,few clouds
634,Kapoeta,SS,4.7717,33.5903,85.66,35,30,18.37,scattered clouds
635,Moerai,PF,-22.4333,-151.3333,81.73,74,85,15.61,light rain
636,Perigueux,FR,45.1833,0.7167,44.08,70,7,3.87,clear sky
637,Pangkalanbuun,ID,-2.6833,111.6167,73.63,97,100,2.01,overcast clouds
638,San Juan,AR,-31.5375,-68.5364,85.51,27,0,7.14,clear sky
639,Dalian,CN,38.9122,121.6022,48.13,87,0,8.95,clear sky
640,Lensk,RU,60.7253,114.9278,4.86,100,80,3.65,broken clouds
641,Gikongoro,RW,-2.464,29.5739,55.81,92,61,4.9,broken clouds
642,Wolfville,CA,45.0835,-64.3655,58.57,58,71,6.91,broken clouds
643,Safaga,EG,26.7292,33.9365,75.4,43,47,10.11,scattered clouds
644,Carangola,BR,-20.7331,-42.0294,72.72,95,90,1.63,moderate rain
645,Dongkan,CN,33.9997,119.8308,56.71,75,40,8.81,scattered clouds
646,Ginir,ET,7.1333,40.7,60.82,65,49,4.34,scattered clouds
647,Casper,US,42.8666,-106.3131,48.79,56,75,24.16,broken clouds
648,Gamay,PH,12.3854,125.2979,78.31,94,100,18.81,moderate rain
649,Ous,RU,60.9058,61.5186,33.91,98,100,6.49,overcast clouds
650,Marapanim,BR,-0.7175,-47.6997,73.54,98,100,4.83,moderate rain
651,Isabela,PH,6.7085,121.9711,78.85,88,99,7.52,overcast clouds
652,Roanoke Rapids,US,36.4615,-77.6542,55.35,41,98,11.99,overcast clouds
653,Masvingo,ZW,-20.0637,30.8277,60.24,96,100,10.8,overcast clouds
654,Oktyabrskoye,RU,43.0645,44.7417,41.14,81,45,6.71,scattered clouds
655,Tygda,RU,53.1167,126.3333,29.35,68,100,9.95,overcast clouds
656,Garowe,SO,8.4054,48.4845,74.32,82,53,9.57,broken clouds
657,Coruripe,BR,-10.1256,-36.1756,79.34,76,43,7.81,scattered clouds
658,Baruun-Urt,MN,46.6806,113.2792,34.16,52,1,13.11,clear sky
659,Sembe,CG,1.6481,14.5806,73.87,87,87,4.76,overcast clouds
660,Morondava,MG,-20.2833,44.2833,80.56,79,53,2.57,broken clouds
661,Chioggia,IT,45.2256,12.2889,43.07,66,100,14.52,overcast clouds
662,Dicabisagan,PH,17.0818,122.4157,75.06,92,72,3.58,broken clouds
663,Portel,BR,-1.9356,-50.8211,75.88,94,99,7.23,light rain
664,Rosetta,EG,31.4044,30.4164,60.01,79,2,6.51,clear sky
665,Mount Gambier,AU,-37.8333,140.7667,58.91,82,83,12.66,broken clouds
666,Skibbereen,IE,51.55,-9.2667,48.11,70,100,16.08,overcast clouds
667,Muisne,EC,0.6,-80.0333,79.02,81,99,7.34,overcast clouds
668,Gondanglegi,ID,-7.7479,112.0132,73.94,91,100,3.85,overcast clouds
669,Seybaplaya,MX,19.65,-90.6667,81.86,46,3,12.88,clear sky
670,Khudumelapye,BW,-23.8833,24.75,57.47,94,100,11.56,moderate rain
671,Roquetas De Mar,ES,36.7642,-2.6148,62.62,83,99,4.63,overcast clouds
672,Boguchany,RU,58.3814,97.4531,27.43,98,100,2.24,light snow
673,Strezhevoy,RU,60.7333,77.5889,1.15,98,84,3.85,broken clouds
674,Uruzgan,AF,32.8333,66.0,64.18,20,39,2.19,scattered clouds
675,Gibsons,CA,49.3997,-123.5027,53.55,41,30,14.94,scattered clouds
676,Sisimiut,GL,66.9395,-53.6735,17.11,83,100,4.16,overcast clouds
677,Yerbogachen,RU,61.2767,108.0108,10.36,96,22,5.28,few clouds
678,Valley City,US,46.9233,-98.0032,55.92,26,0,19.57,clear sky
679,Daura,NG,11.5538,11.4085,83.79,11,76,5.23,broken clouds
680,Yenagoa,NG,4.9247,6.2642,76.96,90,100,1.72,overcast clouds
681,Castro Verde,PT,37.6983,-8.0858,54.82,95,98,4.05,overcast clouds
682,Yaan,NG,7.3833,8.5667,74.39,86,100,11.18,heavy intensity rain
683,Manakara,MG,-22.1333,48.0167,73.9,86,52,4.68,light rain
684,Mundo Nuevo,MX,18.7,-95.5,76.19,62,80,16.4,broken clouds
685,Tianpeng,CN,30.9866,103.9393,61.27,65,0,2.17,clear sky
686,Kodinsk,RU,58.6881,99.1844,26.17,97,100,2.86,overcast clouds
687,Shenjiamen,CN,29.9576,122.298,59.77,92,81,14.43,broken clouds
688,Voyvozh,RU,62.892,54.9635,35.83,99,100,9.51,overcast clouds
689,Abnub,EG,27.2696,31.1511,71.94,25,3,8.88,clear sky
690,Viesite,LV,56.3475,25.5551,34.12,74,3,10.45,clear sky
691,Mardin,TR,37.3131,40.7436,49.6,51,0,5.12,clear sky
692,Malartic,CA,48.1335,-78.1328,39.31,76,100,7.85,overcast clouds
693,West Point,US,33.6076,-88.6503,66.49,20,0,12.66,clear sky
694,Komsomolskiy,UZ,40.4272,71.7189,66.92,59,96,6.91,overcast clouds
695,Axim,GH,4.8699,-2.2405,80.46,83,63,2.35,broken clouds
696,Manado,ID,1.487,124.8455,74.17,100,20,1.14,few clouds
697,Rudbar,AF,30.15,62.6,81.45,10,34,10.2,scattered clouds
698,Kawalu,ID,-7.3817,108.2082,70.36,91,87,2.17,overcast clouds
699,Yambio,SS,4.5721,28.3955,75.65,54,35,2.77,scattered clouds
700,Aasiaat,GL,68.7098,-52.8699,5.41,94,91,6.2,overcast clouds
701,North Bend,US,43.4065,-124.2243,55.24,78,40,16.11,scattered clouds
702,Itoman,JP,26.1247,127.6694,72.37,90,75,10.36,broken clouds
703,Tarko-Sale,RU,64.9225,77.785,-4.02,97,90,5.84,overcast clouds
704,Ukiah,US,39.1502,-123.2078,75.16,33,0,10.36,clear sky
705,Anori,BR,-3.7728,-61.6442,75.88,98,100,2.19,overcast clouds
